time,tip_u_z,elbow_u_z
0.008283,-2.199436823513169e-13,6.502362105694766e-06
0.017070,-2.06744454198559e-12,3.292668175295638e-05
0.025406,1.411059077377068e-11,7.424678218367697e-05
0.034023,-1.202285031811899e-10,0.000136021191679161
0.043406,8.150320105183171e-10,0.000228534943985267
0.053527,-5.035725229570232e-09,0.0003602462972230624
0.064348,2.741416525304088e-08,0.0005454325904765175
0.076097,-1.149588938137356e-07,0.0008058395846351041
0.089022,2.637764788813645e-08,0.001177253279657547
0.103279,2.142032264248333e-05,0.001707536257757756
0.118949,9.666673188766404e-05,0.002461321803245132
0.136363,0.0002076096641503843,0.003541960337855627
0.156844,0.0003442981368843734,0.005189055197813789
0.180602,0.000529945007234023,0.007679308942070858
0.208504,0.0008247865817604767,0.01150168784997934
0.241057,0.001313243831962594,0.01733897483412635
0.279664,0.002096580474145952,0.02643498697296798
0.326192,0.003325404676426711,0.04094760012093102
0.378503,0.005143141398483916,0.06249869844570054
0.440078,0.007870428856721077,0.09588456819744601
0.513745,0.01204555317634516,0.1486138311436661
0.598287,0.01790136761384831,0.2283717873630813
0.696388,0.02583860835452954,0.3497159260428516
0.806587,0.03544596514759212,0.5268846175364246
0.923567,0.04507542530015556,0.7667507544889767
0.952802,0.04725533374959131,0.8352952142008979
0.979515,0.0491025279809781,0.9013366674807487
1.015227,0.05131151902247775,0.9942366813598341
1.061356,0.05375235474085734,1.121603994922148
1.123818,0.05612054422067654,1.305915407580202
1.207463,0.05661183757778127,1.569394197409911
1.316183,0.05307167757843329,1.931043252810277
1.354180,0.05084286996987335,2.06004802519947
1.388534,0.0482687002638538,2.178429100870583
1.433299,0.04433657430521191,2.332616870501123
1.494631,0.0386692861324576,2.544248039266023
1.586098,0.0297823498977024,2.856806096195538
1.713212,0.02232454411897405,3.277637615024632
1.748856,0.02300559791862861,3.390103520552001
1.781774,0.02386130905230628,3.493944348257558
1.825025,0.02671085611841172,3.626180630445619
1.886906,0.03553968215255604,3.808716000906856
1.978896,0.05940309211935242,4.063243954030265
2.116857,0.1256510777423302,4.403161154789085
2.286304,0.2649685622363471,4.754599057403146
2.457248,0.4745114725840911,5.040344895718465
2.615290,0.7258668771938004,5.244808049433223
2.771600,1.020341788914968,5.39060984191715
2.947577,1.391419963338347,5.486807114003081
3.158089,1.862449150975291,5.50764002968358
3.389591,2.373118008851235,5.414395645201859
3.459862,2.519628417026515,5.360986426995312
3.523245,2.64937602236368,5.304559799767519
3.597236,2.794805119546929,5.22776161130083
3.724171,3.031678363614941,5.070610768624828
3.907402,3.352043370068382,4.795339500215251
3.995705,3.500159801678216,4.645491820117881
4.076018,3.637200568060331,4.504882838057893
4.164042,3.789563887164379,4.347978859988455
4.308634,4.050540236114887,4.090512741581814
4.510910,4.444663035864138,3.748197900803989
4.548349,4.520472624894868,3.687662812007617
4.582249,4.590542671736098,3.635494728156234
4.631662,4.694270569527712,3.560728213062783
4.696264,4.831259438726578,3.468467700305149
4.792284,5.036228363456342,3.341003442550353
4.940062,5.349639064823856,3.169386678406483
5.145556,5.759638141985295,2.975469216823027
5.200620,5.861057454835501,2.931521736495521
5.250854,5.950699452958502,2.893960452478924
5.311739,6.054795475544482,2.851617565429205
5.415983,6.220717030589982,2.786463842382572
5.596708,6.471189785503885,2.692535804399129
5.846708,6.754245574462779,2.591950055647002
6.096708,6.997111807978784,2.51879859049988
6.280741,7.175598772115724,2.484659661941203
6.452001,7.355798296198627,2.469075622595884
6.634152,7.567824826226556,2.465630437036354
6.850646,7.833092861755706,2.46692700450633
7.100646,8.098602004492561,2.451062476937095
7.194986,8.164713613787812,2.433544779747587
7.283308,8.213452987109324,2.40770989467694
7.388621,8.242424002456568,2.361762297343898
7.534979,8.237230875810759,2.262868504740664
7.761866,8.139541520584356,2.018500449591666
8.011866,7.955975879545349,1.622385417091653
8.261866,7.736740838245729,1.119959832019266
8.343786,7.657779012149248,0.9383558535958675
8.418646,7.581201265880003,0.7670311851370782
8.512881,7.478362459988786,0.5447413451270028
8.656159,7.302223073821633,0.1966451026466337
8.851942,7.017012397225428,-0.2941235559023926
8.927354,6.891478699064392,-0.4862642500799618
8.996431,6.771419238513245,-0.6641846189594995
9.087077,6.604231785093676,-0.8996676241557245
9.229208,6.323002012778903,-1.270589273275885
9.415871,5.920696081379795,-1.753826992307954
9.481600,5.771182523837895,-1.919704519459597
9.541077,5.632153583412162,-2.068341101504526
9.619213,5.444927981186913,-2.25902232363277
9.736399,5.155918236749776,-2.534019128911743
9.887014,4.770281435814785,-2.864641594424141
10.069017,4.285786109174658,-3.224485977272356
10.247280,3.78901721851216,-3.527831604678004
10.408995,3.314316365403873,-3.753199676748603
10.562123,2.838235411819763,-3.915296592112288
10.721899,2.309044040839002,-4.022309438613596
10.888211,1.718766300833112,-4.055695753847598
10.913252,1.623094459356496,-4.051148693569254
10.936488,1.5371896129778,-4.047873954849412
10.969003,1.413998375726048,-4.038811306169215
11.020267,1.217248502462191,-4.017345415630855
11.085333,0.9613185164843338,-3.977270356065529
11.196698,0.5088192761605481,-3.875052581614851
11.356264,-0.1742769400834961,-3.655916384133257
11.369788,-0.2379377126607404,-3.630780745510463
11.382255,-0.291512913369688,-3.610486695603584
11.395826,-0.3533319943759033,-3.586524552656751
11.411251,-0.4222799891452822,-3.559398583364557
11.429295,-0.5045512944447343,-3.52643022419278
11.450195,-0.5997864123746696,-3.487275394613271
11.474989,-0.713679283799904,-3.43821626313028
11.504987,-0.8537805019507461,-3.377801943028098
11.547748,-1.05561305741575,-3.2874727084216
11.608839,-1.349321647380837,-3.15073414448023
11.683343,-1.716791938589597,-2.973583019571503
11.768598,-2.147857668609265,-2.758625213206277
11.801868,-2.319239216538863,-2.6716357467904
11.832081,-2.475355376084744,-2.591945116135839
11.880565,-2.728151450004948,-2.46186255706204
11.949492,-3.090045239452736,-2.273892149685645
12.033815,-3.531923079981398,-2.04196192776157
12.061538,-3.675865481078655,-1.965474204431328
12.086907,-3.807661270133512,-1.895346941240988
12.125712,-4.007097318778929,-1.788751714634486
12.185287,-4.307199424326165,-1.626333230578211
12.258941,-4.666766384029203,-1.427855402129011
12.344943,-5.063455464122652,-1.201542211653044
12.378115,-5.207259387128057,-1.116396708531777
12.408106,-5.335218236411478,-1.039658967156685
12.452561,-5.517522280048523,-0.927749395017215
12.521833,-5.784307277924413,-0.757516132887317
12.614463,-6.10666267137682,-0.5378545994842042
12.668222,-6.273544692327638,-0.4157975611714387
12.716934,-6.41552638519409,-0.3077045350478932
12.771862,-6.564104293716901,-0.189837525821226
12.868552,-6.798626866921185,0.007201642980314699
13.010988,-7.089084883633931,0.268064586751087
13.036820,-7.130656925643747,0.3081186327047971
13.060576,-7.173780172586055,0.347840873045943
13.094855,-7.231159136147868,0.4011135352577376
13.145381,-7.31218202579744,0.474805951553585
13.209376,-7.408995666281853,0.5607673497847265
13.316129,-7.557504896581534,0.6838786621388168
13.469830,-7.75007835913171,0.8168040268495489
13.658780,-7.961140358813786,0.9112213864055546
13.848473,-8.15355892679351,0.9363718392216988
14.023362,-8.320960588161137,0.9070326717579342
14.196446,-8.482739534775659,0.8374498572071468
14.400116,-8.671577000802356,0.7134372361460417
14.650116,-8.900768031314243,0.51063403715466
14.900116,-9.122862388527846,0.2649345590603213
15.150116,-9.335030434649159,-0.005254408092564833
15.336328,-9.483269735728712,-0.2109333906498506
15.504406,-9.601649869848366,-0.3944348338049163
15.678798,-9.693812552070121,-0.5822153576238761
15.898040,-9.737020604267538,-0.8134416082452072
16.148040,-9.655931533928529,-1.066175449314332
16.180592,-9.626272022917531,-1.101060558008095
16.210475,-9.606390638840843,-1.128759237650411
16.254018,-9.571880466152265,-1.170934654212572
16.313878,-9.518651844668955,-1.227804322486334
16.404488,-9.426245929325358,-1.311456160513623
16.563735,-9.233829836008461,-1.45173128158737
16.813735,-8.860350704748205,-1.646393275335171
16.847290,-8.799076866548308,-1.673180099155438
16.878098,-8.746554314541724,-1.69220205478699
16.928303,-8.655422769476028,-1.723936837651454
16.989015,-8.540105176333677,-1.75935403100091
17.075135,-8.366027507789049,-1.801426680524814
17.205058,-8.079324789125495,-1.849986718771242
17.388849,-7.627353339433356,-1.883123584785708
17.607111,-7.043374160694139,-1.873420807693738
17.647875,-6.930992899448804,-1.867131628277538
17.684897,-6.830990231586762,-1.859354352080726
17.735235,-6.693867410795039,-1.84842117840829
17.803831,-6.510248306197471,-1.831699714668055
17.898170,-6.263289293195058,-1.806732654923535
18.022400,-5.94956364889276,-1.776075730509544
18.170311,-5.596433703482516,-1.745111742036089
18.344921,-5.201232160914602,-1.720606025288752
18.524427,-4.805111212549959,-1.709277730653038
18.628067,-4.57177131734263,-1.710983488580619
18.722384,-4.349371684130094,-1.71992636250646
18.825427,-4.092788238478455,-1.739083298747953
18.967951,-3.704976683855681,-1.784148310370604
19.160149,-3.10897503564785,-1.879303710927824
19.185854,-3.02136537521591,-1.894015804135414
19.209348,-2.941219595557444,-1.90921194130139
19.241053,-2.829628792722945,-1.929809367179353
19.287520,-2.660614951447182,-1.961744490678708
19.346833,-2.438060251896843,-2.00536641427074
19.438189,-2.076170434208856,-2.077592726482116
19.565088,-1.540633327799472,-2.187204411227518
19.595981,-1.404540099929887,-2.214362981619763
19.624607,-1.277202277774249,-2.241109369948906
19.671315,-1.065706504669004,-2.284796704780582
19.733325,-0.7795014032627863,-2.344084704144834
19.815361,-0.3937232409714811,-2.424515312399072
19.925355,0.131779430550472,-2.53390289404406
19.950606,0.2518117076489191,-2.558035748799479
19.974176,0.3649670551803629,-2.582267168818214
20.008572,0.5295796150978797,-2.616538128066302
20.064861,0.7976381192411086,-2.672419234869846
20.136453,1.134009332902106,-2.743358057182883
20.241504,1.615928191595711,-2.845333200241908
20.280878,1.789620148631219,-2.881538064606362
20.316479,1.945546602843224,-2.915138642308623
20.364110,2.150477839513893,-2.95858291855781
20.439970,2.465803717886769,-3.024892797991209
20.549968,2.899787298029558,-3.113144391834136
20.682355,3.383256326919947,-3.200134217388777
20.705292,3.459073206218999,-3.210264997080019
20.726416,3.532524322013626,-3.22239156651116
20.754060,3.624519794820417,-3.234785232128842
20.797388,3.766653831999977,-3.252403017635092
20.854661,3.947580791343778,-3.270158386892918
20.945214,4.218686244510454,-3.284550590909698
21.077206,4.582344334944005,-3.273137387064967
21.128523,4.710320880394772,-3.256155634266174
21.175181,4.825170161521997,-3.236637870450378
21.232793,4.961327521525773,-3.205265471227122
21.338108,5.195097228280057,-3.127021476869403
21.507403,5.532665010106981,-2.944967153003966
21.536189,5.579822940207361,-2.90401849323274
21.562761,5.627960976443253,-2.868365319229327
21.604224,5.699403560450184,-2.80700862227742
21.660243,5.791595899431274,-2.718375742640003
21.736648,5.908305572758274,-2.585671928410785
21.863436,6.080721302052382,-2.33746887838725
22.047756,6.2816489820917,-1.917869621470674
22.074941,6.301423814610621,-1.846791305414481
22.100050,6.324638463746052,-1.784764050116116
22.136081,6.353665071329774,-1.691681219800627
22.183695,6.390252379195699,-1.565567791109416
22.245105,6.43263118901913,-1.398328896726761
22.341699,6.488251676677846,-1.125379917542208
22.492710,6.551334454901771,-0.6789811071652614
22.698400,6.585031532297533,-0.04059106936918844
22.716683,6.57818247342936,0.01957372993563646
22.733625,6.580935779374166,0.07181935536592371
22.754616,6.578241096051682,0.1410873990977753
22.781505,6.576216055971359,0.2267550857163295
22.818520,6.569865843930345,0.3473479424630556
22.867542,6.562675684150218,0.5075225790418199
22.931058,6.545510837979591,0.7184148622869779
23.016201,6.52047442140423,1.005254482747409
23.130922,6.480804611038661,1.399216470160334
23.279982,6.431967961519313,1.920408836599412
23.443966,6.39298585528911,2.497509600988588
23.483384,6.385557620896579,2.634689349137247
23.520138,6.381692806198562,2.763666019128998
23.570212,6.377100687444129,2.936574099301763
23.640839,6.375714872571399,3.178872044696143
23.747481,6.377980167187101,3.535909947374416
23.906162,6.393450627000876,4.042578507332797
24.099962,6.419857892638556,4.605088218587047
24.148317,6.427629015198121,4.731366123640296
24.192487,6.434548699676086,4.845138365172621
24.252019,6.443525229827481,4.989606674598755
24.340775,6.459856538431964,5.189926872641868
24.473644,6.484769865738258,5.452189133407239
24.682863,6.53505149295908,5.775482024997123
24.932863,6.616344883097491,6.016208167971247
25.085769,6.67966295108948,6.086923054399644
25.223488,6.741907567142628,6.109541690434686
25.373227,6.817961223145881,6.094670431562634
25.603448,6.948259144744867,6.008198225967408
25.853448,7.090739701595979,5.842280993997017
26.103448,7.183768946340382,5.619555303213268
26.353448,7.159148444912834,5.354220425333296
26.603448,6.96788711446332,5.046042566507534
26.853448,6.598888449201604,4.691946537410382
27.103448,6.065289802347481,4.309394809731257
27.353448,5.405488968833677,3.940232378150743
27.502355,4.978707548077201,3.743905625905403
27.637923,4.586560486753123,3.58735724671471
27.781109,4.179918968688097,3.441820479131203
27.974394,3.656967722234869,3.264217588724887
28.210101,3.071374375870239,3.044244973708651
28.255523,2.969300023472032,2.99681329616499
28.297707,2.872763936339698,2.952446880221482
28.352610,2.748733124483867,2.893127338641399
28.431492,2.580136412524261,2.800906794746015
28.542792,2.350186499248237,2.65922931864798
28.689092,2.069294703765816,2.449817455801646
28.868149,1.754562641048319,2.160102563186723
28.958729,1.608287047493304,1.999800907008553
29.042010,1.477935547411614,1.846435507198617
29.141087,1.331252851241263,1.656251789975238
29.290726,1.12214729234479,1.355584515776398
29.486615,0.8639845254293914,0.9437994736682711
29.533102,0.8032023887458095,0.8436508186692611
29.575496,0.7482784976311379,0.7523583014384392
29.625617,0.6827169913355638,0.6433325844039195
29.697568,0.5882009916548961,0.4860139206481305
29.788659,0.4652402264886523,0.2848923661421928
29.904149,0.3029162145878667,0.02622955744577726
30.000000,0.1598834081927912,-0.1917647068177617
